{"cameraMode":{"drawMode":0,"name":"Shaded","section":"Shading Mode"},"sceneLighting":true,"audioPlay":false,"sceneViewState":{"m_AlwaysRefresh":false,"showFog":true,"showSkybox":true,"showFlares":true,"showImageEffects":true,"showParticleSystems":true,"showVisualEffectGraphs":true,"m_FxEnabled":true},"in2DMode":false,"pivot":{"x":5.382058143615723,"y":4.534393310546875,"z":0.2063446044921875},"rotation":{"x":0.020688669756054879,"y":-0.0009039172437041998,"z":-0.000016013529602787457,"w":-0.9997767210006714},"size":3.1622776985168459,"orthographic":false}